
mysql> select * from panel;
+----+-------------+----+---------+------------+--------+------------+------+------+---------------------+---------------------+
| id | panel_order | sn | name    | resolution | status | brightness | bc   | bw   | created_at          | updated_at          |
+----+-------------+----+---------+------------+--------+------------+------+------+---------------------+---------------------+
|  1 |           1 |  3 | ttyACM0 | 30x118     | ACTIVE |         31 |  400 |  400 | 2023-04-03 10:01:22 | 2023-04-03 10:35:25 |
|  2 |           2 |  1 | ttyACM1 | 30x118     | ACTIVE |         31 |  400 |  400 | 2023-04-03 10:01:22 | 2023-04-03 10:35:07 |
|  3 |           3 |  2 | ttyACM2 | 30x118     | ACTIVE |         31 |  400 |  400 | 2023-04-03 10:01:22 | 2023-04-03 10:35:25 |
+----+-------------+----+---------+------------+--------+------------+------+------+---------------------+---------------------+
3 rows in set (0.00 sec)

mysql> select * from panel_config;
+----+------------+-------------+----+---------+--------+------------+------+------+
| id | setting_id | panel_order | sn | name    | status | brightness | bc   | bw   |
+----+------------+-------------+----+---------+--------+------------+------+------+
|  1 |          1 |           1 |  3 | ttyACM0 | ACTIVE |         31 |  400 |  400 |
|  2 |          1 |           2 |  1 | ttyACM1 | ACTIVE |         31 |  400 |  400 |
|  3 |          1 |           3 |  2 | ttyACM2 | ACTIVE |         31 |  400 |  400 |
|  4 |          2 |           1 |  1 | ttyACM0 | ACTIVE |         31 |  400 |  400 |
|  5 |          2 |           2 |  2 | ttyACM1 | ACTIVE |         31 |  400 |  400 |
|  6 |          2 |           3 |  3 | ttyACM2 | ACTIVE |         31 |  400 |  400 |
|  7 |          3 |           1 |  1 | ttyACM0 | ACTIVE |         31 |  400 |  400 |
|  8 |          3 |           2 |  2 | ttyACM1 | ACTIVE |         31 |  400 |  400 |
|  9 |          3 |           3 |  3 | ttyACM2 | ACTIVE |         31 |  400 |  400 |
| 10 |          4 |           1 |  1 | ttyACM0 | ACTIVE |         31 |  400 |  400 |
| 11 |          4 |           2 |  2 | ttyACM1 | ACTIVE |         31 |  400 |  400 |
| 12 |          4 |           3 |  3 | ttyACM2 | ACTIVE |         31 |  400 |  400 |
+----+------------+-------------+----+---------+--------+------------+------+------+
12 rows in set (0.00 sec)
